,GARP,MSCI_World,RF
GARP,1.0,0.7931845561110247,0.19036943538709378
MSCI_World,0.7931845561110247,1.0,0.09027518608418407
RF,0.19036943538709378,0.09027518608418407,1.0
