,GARP,MSCI_World
GARP,1.0,0.7936630283308065
MSCI_World,0.7936630283308065,1.0
