,GARP,MSCI_World
GARP,1.0,0.7936630349197469
MSCI_World,0.7936630349197469,1.0
