,Rendement annualisé,Volatilité annualisée,Sharpe,Skewness,Kurtosis,Max Drawdown,Sortino,VaR 95%,CVaR 95%,Tracking Error,Information Ratio,Alpha CAPM,Beta CAPM,p-value Alpha,R² CAPM,t-stat Sharpe,Downside Beta
GARP,0.09724510703968667,0.21279669121451925,0.36392708599701673,-0.13392089714241306,-0.5316893785757273,-0.31809709971277045,0.5512443122838926,-0.09365602142078494,-0.10457272168531391,0.13721253458150956,0.1928286470056522,0.007670159109396311,1.3685147982968462,0.9129341493940525,0.629901002539226,2.3864294937538046,1.1426142502760586
MSCI_World,0.07078659964411797,0.12341033255780469,0.41312563779096545,-0.6846235868376999,0.09881049388916319,-0.20003076838445466,0.5860391136697152,-0.0650510933120427,-0.07541231522880086,,,,,,,,
