,Rendement annualisé,Volatilité annualisée,Sharpe,Skewness,Kurtosis,Max Drawdown,Sortino,VaR 95%,CVaR 95%,Tracking Error,Information Ratio,Alpha CAPM,Beta CAPM,p-value Alpha,R² CAPM,t-stat Sharpe,Downside Beta
GARP,0.1663799620535771,0.21389095992378898,0.632525984308824,0.07719615574891373,-0.24824562444417486,-0.2978039121220032,1.0686817593626745,-0.08627575464667281,-0.09678662652567539,0.13842645529071093,0.6354128360162185,0.07035861807522976,1.3718143626265302,0.3230733069371968,0.6225776240394307,4.147750257128725,1.1785520941517604
MSCI_World,0.07842201551763417,0.12280031708347132,0.38545212706931936,-0.6023517791492046,-0.04357169686610929,-0.20003076838445433,0.5543824266586094,-0.06295641054175488,-0.07261283880182523,,,,,,,,
