,GARP,Growth,Value
GARP,1.0,0.8459907025931659,0.5300130812429916
Growth,0.8459907025931659,1.0,0.5815206495744074
Value,0.5300130812429916,0.5815206495744074,1.0
