,Rendement annualisé,Volatilité annualisée,Sharpe,Max Drawdown,Tracking Error vs Growth,IR vs Growth,Tracking Error vs Value,IR vs Value,Alpha (Growth+Value),Beta Growth,Beta Value,p-value Alpha,R² Style Model,Weight Growth (norm.),Weight Value (norm.),Downside Beta vs Growth,Downside Beta vs Value
GARP,0.09724510703968667,0.21279669121451925,0.36392708599701673,-0.31809709971277045,0.11593487304813939,0.06648456565483139,0.18059926604086715,0.28291062299806224,-0.002430247576246055,1.1069033846518976,0.10183534632650486,0.9687802731677189,0.7178880632171025,0.9157507377594534,0.08424926224054653,1.015524678528678,0.5783837907932812
Growth,0.08953722736083315,0.1562099171297788,0.4464159596648277,-0.2692501617017635,,,,,,,,,,,,,
Value,0.046151656171072225,0.1201420737059457,0.21931558247765195,-0.14376928565629654,,,,,,,,,,,,,
