,GARP,Growth,Value
GARP,1.0,0.8459907021505406,0.5300130951024354
Growth,0.8459907021505406,1.0,0.5815206495744074
Value,0.5300130951024354,0.5815206495744074,1.0
