,Rendement annualisé,Volatilité annualisée,Sharpe,Max Drawdown,Tracking Error vs Growth,IR vs Growth,Tracking Error vs Value,IR vs Value,Alpha (Growth+Value),Beta Growth,Beta Value,p-value Alpha,R² Style Model,Weight Growth (norm.),Weight Value (norm.),Downside Beta vs Growth,Downside Beta vs Value
GARP,0.1663799620535771,0.21389095992378898,0.632525984308824,-0.2978039121220032,0.11647114724469276,0.554825863493179,0.18222817371324226,0.620490398566971,0.053648826259876964,1.1251044173361162,0.0959103756047449,0.37451975319395814,0.7172361792819028,0.9214502754927801,0.07854972450721999,1.0924119489331354,0.656861371516653
Growth,0.10175875721149921,0.1551245773029878,0.4555718142615355,-0.2692501617017635,,,,,,,,,,,,,
Value,0.053309129916116145,0.1204652206508718,0.18445786844563478,-0.14376928565629654,,,,,,,,,,,,,
