,GARP,Growth,Value,RF
GARP,1.0,0.8476172663287013,0.5249876207519881,0.19036943538709378
Growth,0.8476172663287013,1.0,0.5738193595416455,0.1883757126578523
Value,0.5249876207519881,0.5738193595416455,1.0,-0.05748734601602544
RF,0.19036943538709378,0.1883757126578523,-0.05748734601602544,1.0
