,Rendement annualisé,Volatilité annualisée,Sharpe,Max Drawdown,Tracking Error vs Growth,IR vs Growth,Tracking Error vs Value,IR vs Value,Alpha (Growth+Value),Beta Growth,Beta Value,p-value Alpha,R² Style Model,Weight Growth (norm.),Weight Value (norm.),Downside Beta vs Growth,Downside Beta vs Value
GARP,0.09724514303499004,0.21279668056097695,0.3639272733703152,-0.31809705377521114,0.11593486576442202,0.06648488031046061,0.18059925528233747,0.2829108391617756,-0.0024302073572650554,1.1069033117354452,0.10183537900786029,0.9687807879491966,0.7178880640914798,0.9157507079174926,0.08424929208250737,1.015524755543485,0.5783839106770027
Growth,0.08953722736083315,0.1562099171297788,0.4464159596648277,-0.2692501617017635,,,,,,,,,,,,,
Value,0.046151656171072225,0.1201420737059457,0.21931558247765195,-0.14376928565629654,,,,,,,,,,,,,
