,Alpha mensuel,Alpha annualisé,p-value Alpha,R²,Beta_Mkt_RF,Beta_SMB,Beta_HML,Beta_MOM
CAPM,-0.26096597420794426,-3.1315916904953314,4.44239425724961e-09,0.022579874177321213,0.006011720611610344,,,
FF3,-0.2670438901561284,-3.2045266818735407,1.0762596015546382e-09,0.03507910890599786,0.0074044032699527385,-0.004368899662839253,0.003961051664436152,
Carhart 4F,-0.26721935347849407,-3.2066322417419286,7.379002363159163e-10,0.03548135150400711,0.007573968657497809,-0.003952893869176496,0.004066470274562615,0.0010956050212128925
