,lb_stat,lb_pvalue
6,224.29565711527073,1.2621566891257246e-45
