,lb_stat,lb_pvalue
6,3.664403445013122,0.7219834425968957
