,lb_stat,lb_pvalue
6,224.29566099308548,1.2621542851764829e-45
