,Bull Market,Bear Market
Rendement annualisé,0.5129842992763726,-0.538591304616421
Volatilité annualisée,0.15332785333474874,0.15143077084762915
Sharpe,3.3456693491717644,-3.5566833715609616
