,Bull Market,Bear Market
Rendement annualisé,0.5759722210114293,-0.4600552575290202
Volatilité annualisée,0.16439560427262165,0.14282901729861602
Sharpe,3.3011545554134156,-3.4152474281872345
