,Bull Market,Bear Market
Rendement annualisé,0.5129843010775337,-0.5385912163241944
Volatilité annualisée,0.1533278295727549,0.15143080129766534
Sharpe,3.34566987941429,-3.5566820733220146
