,Sous-période 1,Sous-période 2
Rendement annualisé,0.17507684861291356,0.16811806365983634
Volatilité annualisée,0.22190362721182957,0.21592923379707377
Sharpe,0.7166160722734389,0.5581368559529879
