,Sous-période 1,Sous-période 2
Rendement annualisé,0.1112995694153846,0.09208803293731352
Volatilité annualisée,0.2217676007897601,0.21388585071421656
Sharpe,0.501874796043353,0.43054756838663855
