,Sous-période 1,Sous-période 2
Rendement annualisé,0.11129952895107242,0.0920879804870918
Volatilité annualisée,0.22176760463354228,0.21388587057764338
Sharpe,0.5018746048819359,0.4305472831767195
