,GARP,MSCI_World
GARP,1.0,0.76411140711748
MSCI_World,0.76411140711748,1.0
