,Rendement annualisé,Volatilité annualisée,Ratio de Sharpe,Drawdown maximum
GARP,0.03937373424952297,0.24229810012189182,0.1625012091705028,-0.2635874111041947
MSCI_World_Growth,0.054304529584257924,0.1630445355563047,0.3330656216043792,-0.20874657687620557
MSCI_World_Value,0.0021317738988680017,0.11913083934970982,0.01789439166637748,-0.14805474079028824
