,Rendement annualisé,Volatilité annualisée,Ratio de Sharpe,Drawdown maximum
GARP,0.03937369819287561,0.24229809303385932,0.16250106511310194,-0.2635873964461044
MSCI_World,0.03143173085771837,0.1271923536829183,0.24711965733471278,-0.17631261393493824
