,Rendement annualisé,Volatilité annualisée,Ratio de Sharpe,Drawdown maximum
GARP,0.03937370966308948,0.242298085172901,0.1625011177244462,-0.26358737824043665
MSCI_World,0.03143173085771837,0.1271923536829183,0.24711965733471278,-0.17631261393493824
