,Rendement annualisé,Volatilité annualisée,Ratio de Sharpe,Drawdown maximum
GARP,0.03937370966308948,0.242298085172901,0.1625011177244462,-0.26358737824043665
MSCI_World_Growth,0.054304529584257924,0.1630445355563047,0.3330656216043792,-0.20874657687620557
MSCI_World_Value,0.0021317738988680017,0.11913083934970982,0.01789439166637748,-0.14805474079028824
