,Rendement annualisé,Volatilité annualisée,Ratio de Sharpe,Drawdown maximum
GARP,0.00920051091327774,0.15722923190322347,0.058516541751859275,-0.12898451575080216
MSCI_World,0.0330510850598254,0.11603667564090281,0.2848330915831143,-0.1329178795622733
