,Rendement annualisé,Volatilité annualisée,Ratio de Sharpe,Drawdown maximum
GARP,0.03937373607648337,0.24229809720407086,0.16250121866752262,-0.26358735845219494
MSCI_World_Growth,0.054304529584257924,0.1630445355563047,0.3330656216043792,-0.20874657687620557
MSCI_World_Value,0.0021317738988680017,0.11913083934970982,0.01789439166637748,-0.14805474079028824
