,Rendement annualisé,Volatilité annualisée,Ratio de Sharpe
GARP,0.03937373607648337,0.24229809720407086,0.16250121866752262
FTSE_All_World,0.03187905002791626,0.121687638080853,0.26197443331700493
