,Rendement annualisé,Volatilité annualisée,Ratio de Sharpe,Drawdown maximum
GARP,0.03937373607648337,0.24229809720407086,0.16250121866752262,-0.26358735845219494
MSCI_World,0.03143173085771837,0.1271923536829183,0.24711965733471278,-0.17631261393493824
