,Rendement annualisé,Volatilité annualisée,Ratio de Sharpe,Drawdown maximum
GARP,0.03937373424952297,0.24229810012189182,0.1625012091705028,-0.2635874111041947
MSCI_World,0.03143173085771837,0.1271923536829183,0.24711965733471278,-0.17631261393493824
