,Sous-période 1,Sous-période 2
Rendement annualisé,0.017791668628932084,0.15038066038994224
Volatilité annualisée,0.2863441528991828,0.18369484164205366
Sharpe,0.06213386391443532,0.8186438935665533
